Thumbnail,GameID
https://raw.githubusercontent.com/FreddieThePebble/PebbleGames/refs/heads/main/icons/games/thumbnail/toastsim.png,toastsim
https://raw.githubusercontent.com/FreddieThePebble/PebbleGames/refs/heads/main/icons/games/thumbnail/typeseedtest.png,typeseedtest
https://raw.githubusercontent.com/FreddieThePebble/PebbleGames/refs/heads/main/icons/games/thumbnail/travellog.png,travellog
https://raw.githubusercontent.com/FreddieThePebble/PebbleGames/refs/heads/main/icons/games/thumbnail/howoldareu.png,howoldareu
https://raw.githubusercontent.com/FreddieThePebble/PebbleGames/refs/heads/main/icons/games/thumbnail/onhold-sim.png,onhold-sim
https://raw.githubusercontent.com/FreddieThePebble/PebbleGames/refs/heads/main/icons/games/thumbnail/digitsofpi.png,digitsofpi
https://raw.githubusercontent.com/FreddieThePebble/PebbleGames/refs/heads/main/icons/games/thumbnail/balls.png,balls
https://raw.githubusercontent.com/FreddieThePebble/PebbleGames/refs/heads/main/icons/games/thumbnail/pineapple-3d.png,pineapple-3d
https://raw.githubusercontent.com/FreddieThePebble/PebbleGames/refs/heads/main/icons/games/thumbnail/red.png,red
https://raw.githubusercontent.com/FreddieThePebble/PebbleGames/refs/heads/main/icons/games/thumbnail/CarParksStreetView.png,CarParksStreetView
https://raw.githubusercontent.com/FreddieThePebble/PebbleGames/refs/heads/main/icons/games/thumbnail/TescoStreetView.png,TescoStreetView
https://raw.githubusercontent.com/FreddieThePebble/PebbleGames/refs/heads/main/icons/games/thumbnail/pottymanager.png,pottymanager
https://raw.githubusercontent.com/FreddieThePebble/PebbleGames/refs/heads/main/icons/games/thumbnail/karenscoming.png,karenscoming
https://raw.githubusercontent.com/FreddieThePebble/PebbleGames/refs/heads/main/icons/games/thumbnail/phonesim.png,phonesim
https://raw.githubusercontent.com/FreddieThePebble/PebbleGames/refs/heads/main/icons/games/thumbnail/keyboardsim.png,keyboardsim
https://raw.githubusercontent.com/FreddieThePebble/PebbleGames/refs/heads/main/icons/games/thumbnail/mousesim.png,mousesim
https://raw.githubusercontent.com/FreddieThePebble/PebbleGames/refs/heads/main/icons/games/thumbnail/garlic-dalek.png,garlic-dalek
https://raw.githubusercontent.com/FreddieThePebble/PebbleGames/refs/heads/main/icons/games/thumbnail/potato.png,potato
https://raw.githubusercontent.com/FreddieThePebble/PebbleGames/refs/heads/main/icons/games/thumbnail/floatingmiddlefinger.png,floatingmiddlefinger
https://raw.githubusercontent.com/FreddieThePebble/PebbleGames/refs/heads/main/icons/games/thumbnail/ElonMusk.png,ElonMusk
https://raw.githubusercontent.com/FreddieThePebble/PebbleGames/refs/heads/main/icons/games/thumbnail/FPS.png,FPS
https://raw.githubusercontent.com/FreddieThePebble/PebbleGames/refs/heads/main/icons/games/thumbnail/bored2dos.png,bored2dos
https://raw.githubusercontent.com/FreddieThePebble/PebbleGames/refs/heads/main/icons/games/thumbnail/E.png,E
https://raw.githubusercontent.com/FreddieThePebble/PebbleGames/refs/heads/main/icons/games/thumbnail/BurntToast.png,BurntToast
https://raw.githubusercontent.com/FreddieThePebble/PebbleGames/refs/heads/main/icons/games/thumbnail/whereiscursor.png,whereiscursor
https://raw.githubusercontent.com/FreddieThePebble/PebbleGames/refs/heads/main/icons/games/thumbnail/keyboardrums.png,keyboardrums
https://raw.githubusercontent.com/FreddieThePebble/PebbleGames/refs/heads/main/icons/games/thumbnail/flip.png,flip
https://raw.githubusercontent.com/FreddieThePebble/PebbleGames/refs/heads/main/icons/games/thumbnail/flip2.png,flip2
https://raw.githubusercontent.com/FreddieThePebble/PebbleGames/refs/heads/main/icons/games/thumbnail/tacodoge.png,tacodoge
https://raw.githubusercontent.com/FreddieThePebble/PebbleGames/refs/heads/main/icons/games/thumbnail/convert2fruit.png,convert2fruit